ID,Age,Position,STRating,Prospect_Prob
TEST_0942,17,CB,4.2466,0.9907636351486897
TEST_1020,17,CAM,4.1096,0.9886342976015379
TEST_1548,17,ST,5.2055,0.9868178582040924
TEST_1127,17,CAM,4.3836,0.986165777343388
TEST_1594,18,ST,5.6164,0.9844801609467815
TEST_1137,18,CAM,5.2055,0.9830278742727402
TEST_0181,18,CAM,5.7534,0.9827926184007256
TEST_1229,17,CAM,4.7945,0.9822923645938001
TEST_1224,16,ST,5.2055,0.9820974879975897
TEST_0919,18,CAM,5.3425,0.9816572042293368
